{
    "Ar36": {
        "error": 0.0005023697947548048, 
        "filter_outliers_dict": {
            "filter_outliers": true, 
            "iterations": 1, 
            "std_devs": 2
        }, 
        "fit": "Parabolic", 
        "value": 0.07437025955764417
    }, 
    "Ar37": {
        "error": 0.004740944451498176, 
        "filter_outliers_dict": {
            "filter_outliers": true, 
            "iterations": 1, 
            "std_devs": 2
        }, 
        "fit": "linear", 
        "value": 0.5500072715692408
    }, 
    "Ar38": {
        "error": 0.002378393717726913, 
        "filter_outliers_dict": {
            "filter_outliers": true, 
            "iterations": 1, 
            "std_devs": 2
        }, 
        "fit": "linear", 
        "value": 2.88291588218744
    }, 
    "Ar39": {
        "error": 0.021121678675590658, 
        "filter_outliers_dict": {
            "filter_outliers": true, 
            "iterations": 1, 
            "std_devs": 2
        }, 
        "fit": "Parabolic", 
        "value": 226.90777806380532
    }, 
    "Ar40": {
        "error": 0.04382896587267116, 
        "filter_outliers_dict": {
            "filter_outliers": true, 
            "iterations": 1, 
            "std_devs": 2
        }, 
        "fit": "Parabolic", 
        "value": 1213.1479451679086
    }, 
    "Ar41": {
        "error": 0.00638271493026643, 
        "filter_outliers_dict": {
            "filter_outliers": true, 
            "iterations": 1, 
            "std_devs": 2
        }, 
        "fit": "linear", 
        "value": 0.01403050200293653
    }
}